INSERT INTO category (id, name) VALUES (0, 'Brak kategorii');
INSERT INTO category (id, name) VALUES (1, 'Śniadanie');
INSERT INTO category (id, name) VALUES (2, 'Obiad');
INSERT INTO category (id, name) VALUES (3, 'Kolacja');

INSERT INTO recipe (title, description, likes) VALUES ('Spaghetti Carbonara', 'A classic Italian pasta dish made with eggs, cheese, pancetta, and pepper.', 250);
INSERT INTO recipe (title, description, likes) VALUES ('Chicken Tikka Masala', 'Grilled chunks of chicken enveloped in a creamy spiced tomato sauce.', 300);
INSERT INTO recipe (title, description, likes) VALUES ('Vegetarian Chili', 'A hearty and healthy chili made with assorted beans, vegetables, and spices.', 150);
INSERT INTO recipe (title, description, likes) VALUES ('Beef Stroganoff', 'Tender beef in a rich, creamy mushroom sauce, served over egg noodles.', 200);
INSERT INTO recipe (title, description, likes) VALUES ('Margherita Pizza', 'A traditional pizza with fresh tomatoes, mozzarella cheese, and basil.', 220);
INSERT INTO recipe (title, description, likes) VALUES ('Pad Thai', 'A popular Thai stir-fried noodle dish with shrimp, tofu, peanuts, and bean sprouts.', 280);
INSERT INTO recipe (title, description, likes) VALUES ('Caesar Salad', 'Crisp romaine lettuce with Caesar dressing, croutons, and Parmesan cheese.', 180);
INSERT INTO recipe (title, description, likes) VALUES ('Chocolate Cake', 'A rich and moist chocolate cake with a smooth chocolate frosting.', 350);
INSERT INTO recipe (title, description, likes) VALUES ('Beef Tacos', 'Flavorful beef tacos with fresh salsa, cheese, and lettuce.', 230);
INSERT INTO recipe (title, description, likes) VALUES ('Gazpacho', 'A refreshing cold Spanish soup made with tomatoes, cucumbers, and peppers.', 120);
INSERT INTO recipe (title, description, likes) VALUES ('Tom Yum Soup', 'A spicy Thai soup with shrimp, mushrooms, tomatoes, and fresh herbs.', 140);
INSERT INTO recipe (title, description, likes) VALUES ('Lemon Garlic Shrimp', 'Succulent shrimp cooked in a lemon garlic butter sauce.', 190);
INSERT INTO recipe (title, description, likes) VALUES ('Stuffed Bell Peppers', 'Bell peppers stuffed with a savory mix of rice, ground beef, and vegetables.', 160);
INSERT INTO recipe (title, description, likes) VALUES ('Eggplant Parmesan', 'Baked eggplant slices layered with marinara sauce and mozzarella cheese.', 170);
INSERT INTO recipe (title, description, likes) VALUES ('French Onion Soup', 'A rich beef broth with caramelized onions, topped with melted cheese and croutons.', 210);
INSERT INTO recipe (title, description, likes) VALUES ('Butternut Squash Soup', 'A creamy soup made from roasted butternut squash and fragrant spices.', 130);
INSERT INTO recipe (title, description, likes) VALUES ('Fish Tacos', 'Grilled fish tacos with fresh lime, cilantro, and a tangy slaw.', 180);
INSERT INTO recipe (title, description, likes) VALUES ('Chicken Alfredo', 'Pasta in a creamy Alfredo sauce with grilled chicken and Parmesan cheese.', 240);
INSERT INTO recipe (title, description, likes) VALUES ('Beef Wellington', 'A luxurious dish of beef tenderloin wrapped in puff pastry with mushrooms.', 200);
INSERT INTO recipe (title, description, likes) VALUES ('Greek Salad', 'A fresh salad with tomatoes, cucumbers, olives, feta cheese, and oregano.', 150);
INSERT INTO recipe (title, description, likes) VALUES ('Ratatouille', 'A French Provençal stewed vegetable dish made with zucchini, eggplant, and tomatoes.', 140);
INSERT INTO recipe (title, description, likes) VALUES ('Pancakes', 'Fluffy pancakes served with maple syrup and fresh berries.', 260);
INSERT INTO recipe (title, description, likes) VALUES ('Quiche Lorraine', 'A savory French tart filled with bacon, cheese, and a rich custard.', 160);
INSERT INTO recipe (title, description, likes) VALUES ('Bolognese Sauce', 'A hearty Italian meat sauce made with ground beef and tomatoes, served over pasta.', 220);
INSERT INTO recipe (title, description, likes) VALUES ('Buffalo Wings', 'Spicy chicken wings served with blue cheese dressing and celery sticks.', 250);
INSERT INTO recipe (title, description, likes) VALUES ('Minestrone Soup', 'A hearty Italian vegetable soup with beans, pasta, and tomatoes.', 130);
INSERT INTO recipe (title, description, likes) VALUES ('Chicken Fajitas', 'Sizzling grilled chicken with bell peppers and onions, served with tortillas.', 200);
INSERT INTO recipe (title, description, likes) VALUES ('Shepherd Pie', 'A comforting British dish with ground lamb and mashed potatoes.', 190);
INSERT INTO recipe (title, description, likes) VALUES ('Teriyaki Chicken', 'Chicken glazed with a sweet and savory teriyaki sauce, served over rice.', 210);
INSERT INTO recipe (title, description, likes) VALUES ('Pumpkin Pie', 'A classic dessert with a spiced pumpkin filling and flaky pie crust.', 270);
INSERT INTO recipe (title, description, likes) VALUES ('Banana Bread', 'Moist and flavorful banana bread with walnuts and a hint of cinnamon.', 240);
INSERT INTO recipe (title, description, likes) VALUES ('BBQ Ribs', 'Tender pork ribs smothered in a smoky barbecue sauce.', 300);
INSERT INTO recipe (title, description, likes) VALUES ('Hummus', 'A creamy dip made from blended chickpeas, tahini, lemon juice, and garlic.', 120);
INSERT INTO recipe (title, description, likes) VALUES ('Lasagna', 'Layers of pasta, meat sauce, and cheese baked to perfection.', 280);
INSERT INTO recipe (title, description, likes) VALUES ('Tiramisu', 'An Italian dessert with layers of coffee-soaked ladyfingers and mascarpone cheese.', 260);
INSERT INTO recipe (title, description, likes) VALUES ('Chicken Noodle Soup', 'A soothing soup with chicken, noodles, and vegetables in a flavorful broth.', 150);
INSERT INTO recipe (title, description, likes) VALUES ('Stuffed Mushrooms', 'Mushrooms stuffed with a savory mixture of cheese, herbs, and breadcrumbs.', 170);
INSERT INTO recipe (title, description, likes) VALUES ('Bruschetta', 'Grilled bread topped with fresh tomatoes, basil, and garlic.', 130);
INSERT INTO recipe (title, description, likes) VALUES ('Macaroni and Cheese', 'Classic comfort food made with creamy cheese sauce and pasta.', 240);
INSERT INTO recipe (title, description, likes) VALUES ('Shrimp Scampi', 'Shrimp cooked in a garlic butter sauce with a splash of white wine.', 200);
INSERT INTO recipe (title, description, likes) VALUES ('Fried Rice', 'A flavorful dish with rice, vegetables, and a choice of meat or tofu.', 190);
INSERT INTO recipe (title, description, likes) VALUES ('Chicken Cordon Bleu', 'Chicken breast stuffed with ham and cheese, then breaded and baked.', 180);
INSERT INTO recipe (title, description, likes) VALUES ('Falafel', 'Deep-fried balls made from ground chickpeas, herbs, and spices.', 160);
INSERT INTO recipe (title, description, likes) VALUES ('Goulash', 'A hearty Hungarian stew with beef, tomatoes, and paprika.', 140);
INSERT INTO recipe (title, description, likes) VALUES ('Mango Salsa', 'A fresh salsa made with ripe mangoes, red onion, cilantro, and lime juice.', 120);
INSERT INTO recipe (title, description, likes) VALUES ('Paella', 'A traditional Spanish rice dish with seafood, chicken, and saffron.', 220);
INSERT INTO recipe (title, description, likes) VALUES ('Spinach Artichoke Dip', 'A creamy dip made with spinach, artichokes, and cheese.', 190);
INSERT INTO recipe (title, description, likes) VALUES ('Samosas', 'Crispy pastry pockets filled with spiced potatoes and peas.', 170);
INSERT INTO recipe (title, description, likes) VALUES ('Creme Brulee', 'A rich custard topped with a layer of hard caramel.', 250);
INSERT INTO recipe (title, description, likes) VALUES ('Peking Duck', 'A Chinese dish featuring crispy roasted duck served with pancakes and hoisin sauce.', 230);
INSERT INTO recipe (title, description, likes) VALUES ('Baklava', 'A sweet pastry made of layers of filo filled with chopped nuts and honey.', 240);
INSERT INTO recipe (title, description, likes) VALUES ('Pulled Pork', 'Slow-cooked pork shredded and mixed with a tangy barbecue sauce.', 280);
INSERT INTO recipe (title, description, likes) VALUES ('Ramen', 'Japanese noodle soup with broth, meat, and vegetables.', 210);
INSERT INTO recipe (title, description, likes) VALUES ('Beef Tacos', 'Flavorful beef tacos with fresh salsa, cheese, and lettuce.', 230);
INSERT INTO recipe (title, description, likes) VALUES ('French Toast', 'Bread soaked in egg mixture, then fried to golden perfection.', 200);
INSERT INTO recipe (title, description, likes) VALUES ('Pesto Pasta', 'Pasta tossed in a vibrant sauce made from basil, garlic, pine nuts, and Parmesan.', 160);
INSERT INTO recipe (title, description, likes) VALUES ('Chicken Parmesan', 'Breaded chicken cutlets topped with marinara sauce and melted mozzarella.', 270);
INSERT INTO recipe (title, description, likes) VALUES ('Beef Burritos', 'Flour tortillas filled with seasoned beef, beans, and cheese.', 210);
INSERT INTO recipe (title, description, likes) VALUES ('Frittata', 'An Italian egg dish loaded with vegetables, cheese, and sometimes meat.', 140);

INSERT INTO recipe_category (category_id, recipe_id) VALUES (1, 1);
INSERT INTO recipe_category (category_id, recipe_id) VALUES (2, 2);
INSERT INTO recipe_category (category_id, recipe_id) VALUES (3, 3);
INSERT INTO recipe_category (category_id, recipe_id) VALUES (1, 4);
INSERT INTO recipe_category (category_id, recipe_id) VALUES (2, 5);
INSERT INTO recipe_category (category_id, recipe_id) VALUES (1, 6);
INSERT INTO recipe_category (category_id, recipe_id) VALUES (3, 7);
INSERT INTO recipe_category (category_id, recipe_id) VALUES (1, 8);
INSERT INTO recipe_category (category_id, recipe_id) VALUES (2, 9);
INSERT INTO recipe_category (category_id, recipe_id) VALUES (3, 10);
INSERT INTO recipe_category (category_id, recipe_id) VALUES (2, 11);
INSERT INTO recipe_category (category_id, recipe_id) VALUES (1, 12);
INSERT INTO recipe_category (category_id, recipe_id) VALUES (3, 13);
INSERT INTO recipe_category (category_id, recipe_id) VALUES (2, 14);
INSERT INTO recipe_category (category_id, recipe_id) VALUES (1, 15);
INSERT INTO recipe_category (category_id, recipe_id) VALUES (3, 16);
INSERT INTO recipe_category (category_id, recipe_id) VALUES (2, 17);
INSERT INTO recipe_category (category_id, recipe_id) VALUES (1, 18);
INSERT INTO recipe_category (category_id, recipe_id) VALUES (3, 19);
INSERT INTO recipe_category (category_id, recipe_id) VALUES (2, 20);
INSERT INTO recipe_category (category_id, recipe_id) VALUES (1, 21);
INSERT INTO recipe_category (category_id, recipe_id) VALUES (3, 22);
INSERT INTO recipe_category (category_id, recipe_id) VALUES (2, 23);
INSERT INTO recipe_category (category_id, recipe_id) VALUES (1, 24);
INSERT INTO recipe_category (category_id, recipe_id) VALUES (3, 25);
INSERT INTO recipe_category (category_id, recipe_id) VALUES (2, 26);
INSERT INTO recipe_category (category_id, recipe_id) VALUES (1, 27);
INSERT INTO recipe_category (category_id, recipe_id) VALUES (3, 28);
INSERT INTO recipe_category (category_id, recipe_id) VALUES (2, 29);
INSERT INTO recipe_category (category_id, recipe_id) VALUES (1, 30);
INSERT INTO recipe_category (category_id, recipe_id) VALUES (3, 31);
INSERT INTO recipe_category (category_id, recipe_id) VALUES (2, 32);
INSERT INTO recipe_category (category_id, recipe_id) VALUES (1, 33);
INSERT INTO recipe_category (category_id, recipe_id) VALUES (3, 34);
INSERT INTO recipe_category (category_id, recipe_id) VALUES (2, 35);
INSERT INTO recipe_category (category_id, recipe_id) VALUES (1, 36);
INSERT INTO recipe_category (category_id, recipe_id) VALUES (3, 37);
INSERT INTO recipe_category (category_id, recipe_id) VALUES (2, 38);
INSERT INTO recipe_category (category_id, recipe_id) VALUES (1, 39);
INSERT INTO recipe_category (category_id, recipe_id) VALUES (3, 40);
INSERT INTO recipe_category (category_id, recipe_id) VALUES (2, 41);
INSERT INTO recipe_category (category_id, recipe_id) VALUES (1, 42);
INSERT INTO recipe_category (category_id, recipe_id) VALUES (3, 43);
INSERT INTO recipe_category (category_id, recipe_id) VALUES (2, 44);
INSERT INTO recipe_category (category_id, recipe_id) VALUES (1, 45);
INSERT INTO recipe_category (category_id, recipe_id) VALUES (3, 46);
INSERT INTO recipe_category (category_id, recipe_id) VALUES (2, 47);
INSERT INTO recipe_category (category_id, recipe_id) VALUES (1, 48);
INSERT INTO recipe_category (category_id, recipe_id) VALUES (3, 49);
INSERT INTO recipe_category (category_id, recipe_id) VALUES (2, 50);
INSERT INTO recipe_category (category_id, recipe_id) VALUES (1, 51);
INSERT INTO recipe_category (category_id, recipe_id) VALUES (3, 52);
INSERT INTO recipe_category (category_id, recipe_id) VALUES (2, 53);
INSERT INTO recipe_category (category_id, recipe_id) VALUES (1, 54);
INSERT INTO recipe_category (category_id, recipe_id) VALUES (3, 55);
INSERT INTO recipe_category (category_id, recipe_id) VALUES (2, 56);
INSERT INTO recipe_category (category_id, recipe_id) VALUES (1, 57);
INSERT INTO recipe_category (category_id, recipe_id) VALUES (3, 58);
INSERT INTO recipe_category (category_id, recipe_id) VALUES (2, 59);
